State,City,Salon,Address 1,Address 2,Zip Code,Phone
Texas,Amarillo,Hair By Kellie,2626 Wolflin Ave,Suite 19,79106,806-290-0966
South Carolina,Orangeburg,Southern Sass Salon,1967 Carolina Ave,,29115,803-707-6384
Massachusettes,Newton,HairCuts,244 Needham Street,,02464,617-527-2399
Virginia,Fredericksburg,Downtown Salon,103A Amelia Street,,22401,540-371-1011
California,Encino,Lulu Liotta at Butterfly Loft Salon & Spa,17401 Ventura Blvd,B19,91316,818-383-7666
Texas,Lewisville,Hair Garage,1301 Justin Rd. ,Suite 203,75067,469-647-0480
Minnesota,St Paul,Moxie Uptown,700 Grand Ave ,#100B,55105,651-251-6820
Oregon,Portland,The Salon aRTs,1849 SW Salmon Street ,Multinomah Athletic Club,97205,503-517-2335
Kentucky,Russell Springs,Town and Country Hair Shoppe,40 Hwy 910 ,Suite A,42642,270-866-3854
New York,Saratoga Springs,Hair Creations,2 Phila Street,,12866,518-583-4281
Hawaii,Lihue,Hair Razors Salon,4365 Rice Street,,96766,808-246-0800
Massachusettes,Danvers,En Vogue Salon & Day Spa,10 Page St,,01923,978-777-4947
Louisiana,Monroe,Rain Salon and Day Spa,407 Desiard St,,71201,318-651-8088
California,Tracy,Hairdressers Rock Studios,20 West 10th Street,,95376,209-836-6062
Massachusettes,Middleborough,New Concepts,111 Center St,,02346,508-946-2353
Louisiana,Baton Rouge,A Marcelite Salon,439 N. 6th Street,,70801,225-379-3445
Virginia,Harrisonburg,Boyds by BABS,105 S Carlton Street,,22801,540-810-1029
California,Rancho Santa Margarita,C and E STUDIO,22441 Antonio Parkway 7,,92679,714-290-4376
Louisiana,Baton Rouge,Via Veneto,7520 Perkins Road ,Suite 240b,70808,225-928-7155
New York,Hudson,Salon PF,223 County Route 20,,12534,818-980-3166
Oklahoma,Ada,NV Salon & Spa,409 NW JA Richardson Loop,,74820,580-436-9103
California,Cypress,Salon 25,9205 Valley View Street,,90630,714-952-2030
Massachusettes,Grafton,Chromatics Hair & Color Co.,377 Providence Rd,,01560,508-839-0669
California,Long Beach,George Oliveri Hair Design,3019 Los Coyotes Diagonal,,90808,562-421-4744
Massachusettes,Northampton,Changes,157 Main Street,,01060,413-586-2600
Philadelphia,Coudersport,Elaines Casual Cuts,14 E 2nd St,,16915,814-274-7835
Nevada,Henderson,Electric Chair,2200 W. Horion Ridge Pkwy,#B,89052,702-367-7300
New Hampshire,Hooksett,Dude's Barbershop and Styling,1311 Hooksett Road,,03106,603-626-0533
Colorado,Centennial,Kim Bennett Studios,8230 S. Colorado Blvd,#1,80122,720-299-9739
North Carolina,Reidsville,The Classic Cut,1560-D Freeway Drive,,27320,336-349-3339
Florida,Okeechobee,Stafford's Salon,313 SW Park Street,,34972,863-763-3933
Nevada,Reno,Midtown Red Salon,1420 Holcomb Ave,Suite 101,89502,775-333-9090
Texas,Sugar Land,Salon City,14019 SW Fwy,Ste 401,77478,281-240-4489
Tennessee,Smyma,A Fuse Salon,112 Front St.,,37167,615-459-7554
Kentucky,Versailles,Kristi's Hair Studio,467a Wilson Ave,,40383,859-693-3033
Washington,Silverdale,Waterfront Hair Gallery,3594 Byron St,#104,98383,360-307-0514
